{"rmse": 530.6016343239847, "_timestamp": 1713404022.3106902, "_runtime": 1.276008129119873, "_step": 0, "_wandb": {"runtime": 0}}