{"learning_rate": 0.01, "max_depth": 3, "n_estimators": 300, "rmse": 892.0835062073684, "_timestamp": 1713404059.4927511, "_runtime": 0.807056188583374, "_step": 0, "_wandb": {"runtime": 0}}