{"rmse": 772.2502106843159, "_timestamp": 1713403935.206343, "_runtime": 1.7653729915618896, "_step": 0, "_wandb": {"runtime": 1}}