{"rmse": 713.5521571393067, "_timestamp": 1713403964.007555, "_runtime": 0.5961079597473145, "_step": 0, "_wandb": {"runtime": 0}}