{"rmse": 577.8259880189041, "_timestamp": 1713403887.813835, "_runtime": 1.4699978828430176, "_step": 0, "_wandb": {"runtime": 1}}