{"learning_rate": 0.01, "max_depth": 7, "n_estimators": 100, "rmse": 1587.6053825392057, "_timestamp": 1713404090.794145, "_runtime": 1.1549961566925049, "_step": 0, "_wandb": {"runtime": 0}}