{"max_depth": 7, "eta": 0.5, "lambda": 0.5, "rmse": 612.894250071697, "_timestamp": 1713396417.258877, "_runtime": 76.16119909286499, "_step": 26, "_wandb": {"runtime": 75}}