{"rmse": 782.6212536419996, "_timestamp": 1713403842.113536, "_runtime": 1.135056972503662, "_step": 0, "_wandb": {"runtime": 0}}