{"rmse": 640.0599138528622, "_timestamp": 1713403877.651907, "_runtime": 1.1369459629058838, "_step": 0, "_wandb": {"runtime": 0}}