{"rmse": 1569.043279952847, "_timestamp": 1713403924.845212, "_runtime": 1.1313550472259521, "_step": 0, "_wandb": {"runtime": 0}}