{"max_depth": 7, "rmse": 554.6872156198807, "_timestamp": 1713396724.228631, "_runtime": 10.237595081329346, "_step": 2, "_wandb": {"runtime": 51}}