{"rmse": 533.3011394313845, "_timestamp": 1713404006.3081942, "_runtime": 1.147632122039795, "_step": 0, "_wandb": {"runtime": 0}}