{"rmse": 1651.718412587836, "_timestamp": 1713403851.5799732, "_runtime": 0.712517261505127, "_step": 0, "_wandb": {"runtime": 0}}