{"learning_rate": 0.1, "max_depth": 5, "n_estimators": 200, "rmse": 531.1982257058911, "_timestamp": 1713404274.714431, "_runtime": 0.7567119598388672, "_step": 0, "_wandb": {"runtime": 0}}