{"rmse": 1126.6219839958592, "_timestamp": 1713403809.486364, "_runtime": 0.7239739894866943, "_step": 0, "_wandb": {"runtime": 0}}