{"rmse": 556.4182658229472, "_timestamp": 1713403995.1029, "_runtime": 0.6994099617004395, "_step": 0, "_wandb": {"runtime": 0}}