{"rmse": 790.1960983357012, "_timestamp": 1713403902.839819, "_runtime": 1.1336588859558105, "_step": 0, "_wandb": {"runtime": 0}}