{"rmse": 589.5980945824949, "_timestamp": 1713403979.736845, "_runtime": 0.8372609615325928, "_step": 0, "_wandb": {"runtime": 0}}