{"rmse": 892.0835062073684, "_timestamp": 1713403830.58908, "_runtime": 4.354375123977661, "_step": 0, "_wandb": {"runtime": 0}}