{"learning_rate": 0.01, "max_depth": 3, "n_estimators": 200, "rmse": 1126.6219839958592, "_timestamp": 1713404049.720248, "_runtime": 0.8587849140167236, "_step": 0, "_wandb": {"runtime": 0}}