{"rmse": 866.4244961840732, "_timestamp": 1713403867.6561122, "_runtime": 0.9918642044067383, "_step": 0, "_wandb": {"runtime": 0}}