{"rmse": 1587.6053825392057, "_timestamp": 1713403893.653225, "_runtime": 0.781613826751709, "_step": 0, "_wandb": {"runtime": 0}}