{"rmse": 578.0838871125666, "_timestamp": 1713403986.708284, "_runtime": 1.0771520137786865, "_step": 0, "_wandb": {"runtime": 0}}