{"rmse": 537.3484401198108, "_timestamp": 1713403956.646652, "_runtime": 3.172921895980835, "_step": 0, "_wandb": {"runtime": 2}}