{"rmse": 1831.9120280268892, "_timestamp": 1713403803.799596, "_runtime": 0.568000078201294, "_step": 0, "_wandb": {"runtime": 0}}