{"rmse": 543.427399623431, "_timestamp": 1713403918.889545, "_runtime": 1.7471349239349365, "_step": 0, "_wandb": {"runtime": 1}}