{"rmse": 584.8910059186718, "_timestamp": 1713403909.9899762, "_runtime": 1.5958912372589111, "_step": 0, "_wandb": {"runtime": 1}}