{"rmse": 611.5260742029267, "_timestamp": 1713403970.978466, "_runtime": 0.8105459213256836, "_step": 0, "_wandb": {"runtime": 0}}