{"rmse": 573.468006042799, "_timestamp": 1713403945.7350662, "_runtime": 2.4881932735443115, "_step": 0, "_wandb": {"runtime": 2}}